request,account,dvr,start_time,end_time,source,received,uploaded,timestamp,is_retry,videos_details
002000007462205403520240926133731461,3-170,0000074622054035,"2024-09-26 12:20","2024-09-26 12:25",API,6,6,"2024-09-26 13:37:40",0,6
002000007462311418620240926133556815,3-170,0000074623114186,"2024-09-26 12:20","2024-09-26 12:25",API,0,0,"2024-09-26 13:36:07",0,0
001000007462321201120240926125117000,3-170,0000074623212011,"2024-09-26 12:50","2024-09-26 12:50",Vehicle,19,19,"2024-09-26 13:00:00",0,19
002000007462317103620240926125801671,3-253,0000074623171036,"2024-09-26 12:06","2024-09-26 12:08",API,2,2,"2024-09-26 12:58:07",0,2
002000007462317103620240926125753114,3-253,0000074623171036,"2024-09-26 12:06","2024-09-26 12:08",API,2,0,"2024-09-26 12:58:01",0,2
001000007462317112420240926124307000,3-250,0000074623171124,"2024-09-26 12:41","2024-09-26 12:41",Vehicle,4,4,"2024-09-26 12:45:59",0,4
001000007462310507420240926022734000,3-170,0000074623105074,"2024-09-26 01:22","2024-09-26 01:22",Vehicle,761,761,"2024-09-26 12:41:49",0,761
002000007462317103620240926122917821,3-253,0000074623171036,"2024-09-26 12:05","2024-09-26 12:07",API,2,2,"2024-09-26 12:29:31",0,2
001000007462321201120240926121811000,3-170,0000074623212011,"2024-09-26 12:16","2024-09-26 12:16",Vehicle,2,2,"2024-09-26 12:20:42",0,2
001000007462316538120240926121418000,3-250,0000074623165381,"2024-09-26 12:12","2024-09-26 12:12",Vehicle,4,4,"2024-09-26 12:20:20",0,4
001000007462321201120240926121306000,3-170,0000074623212011,"2024-09-26 11:57","2024-09-26 11:57",Vehicle,2,1,"2024-09-26 12:18:38",0,2
001000007462305104220240926102801000,3-309,0000074623051042,"2024-09-25 18:27","2024-09-25 18:27",Vehicle,30,27,"2024-09-26 11:20:08",0,30
001000007462319208220240925212758000,3-273,0000074623192082,"2024-09-25 21:11","2024-09-25 21:11",Vehicle,27,26,"2024-09-26 01:22:02",0,27
001000007462316539120240923011221000,3-303,0000074623165391,"2024-09-23 00:37","2024-09-23 00:37",Vehicle,2772,14,"2024-09-26 00:50:08",0,2772
001000007462310507420240925220836000,3-170,0000074623105074,"2024-09-25 22:21","2024-09-25 22:21",Vehicle,48,48,"2024-09-26 00:04:02",0,48
001000007462213200920240925234615000,3-245,0000074622132009,"2024-09-25 22:53","2024-09-25 22:53",Vehicle,1,1,"2024-09-25 23:48:17",0,1
001000007462319208320240925212836000,3-273,0000074623192083,"2024-09-25 21:12","2024-09-25 21:12",Vehicle,25,14,"2024-09-25 21:33:36",0,25
001000007462317224120240918063941000,3-250,0000074623172241,"2024-09-18 06:06","2024-09-18 06:06",Vehicle,9,9,"2024-09-25 19:27:48",0,9
001000007462201201120240925192512000,3-170,0000074622012011,"2024-09-25 19:24","2024-09-25 19:24",Vehicle,2,2,"2024-09-25 19:26:17",0,2
002000007462317212820240925185500172,1-291,0000074623172128,"2024-09-25 18:50","2024-09-25 18:51",API,1,1,"2024-09-25 18:55:10",0,1
002000007462317212820240925185158976,1-291,0000074623172128,"2024-09-25 18:01","2024-09-25 18:02",API,1,1,"2024-09-25 18:52:06",0,1
001000007462313100420240925124527000,3-170,0000074623131004,"2024-09-24 18:28","2024-09-24 18:28",Vehicle,3112,3111,"2024-09-25 18:19:09",0,3112
001000007462310507420240924175032000,3-170,0000074623105074,"2024-09-24 17:12","2024-09-24 17:12",Vehicle,13717,13717,"2024-09-25 18:07:00",0,13717
001000007462319208320240923175138000,3-273,0000074623192083,"2024-09-23 10:20","2024-09-23 10:20",Vehicle,37,36,"2024-09-25 18:00:42",0,37
001000007462316109820240925160004000,3-170,0000074623161098,"2024-09-25 15:34","2024-09-25 15:34",Vehicle,11,10,"2024-09-25 16:12:25",0,11
001000007462328505320240925153838000,3-170,0000074623285053,"2024-09-25 15:38","2024-09-25 15:38",Vehicle,2,2,"2024-09-25 15:40:22",0,2
001000007462312101620240925153153000,3-170,0000074623121016,"2024-09-25 15:30","2024-09-25 15:30",Vehicle,2,2,"2024-09-25 15:34:50",0,2
002000007462316215220240925123555470,3-170,0000074623162152,"2024-09-25 12:34","2024-09-25 12:35",API_OFFLINE,0,0,"2024-09-25 13:41:24",1,0
002000007462328508120240925122221006,3-170,0000074623285081,"2024-09-25 12:21","2024-09-25 12:22",API,1,0,"2024-09-25 12:22:26",0,0
002000007462316102720240925121959185,3-170,0000074623161027,"2024-09-25 12:18","2024-09-25 12:19",API,1,1,"2024-09-25 12:20:05",0,1
002000007462311418620240925121342963,3-170,0000074623114186,"2024-09-25 00:35","2024-09-25 00:40",API,5,5,"2024-09-25 12:13:51",0,5
002000007462311418620240925121226564,3-170,0000074623114186,"2024-09-25 00:40","2024-09-25 00:45",API,5,5,"2024-09-25 12:12:42",0,5
002000007462316219420240925121124463,3-170,0000074623162194,"2024-09-25 12:10","2024-09-25 12:11",API,1,1,"2024-09-25 12:11:32",0,1
001000007462317223120240925003517000,3-303,0000074623172231,"1971-01-01 00:00","1971-01-01 00:00",Vehicle,2866,20,"2024-09-25 11:04:48",0,2866
001000007462317112420240925104733000,3-250,0000074623171124,"2024-09-25 10:46","2024-09-25 10:46",Vehicle,3,3,"2024-09-25 10:50:24",0,3
001000007462311418620240925015639000,3-170,0000074623114186,"2024-09-25 01:55","2024-09-25 01:55",Vehicle,2,2,"2024-09-25 01:58:58",0,2
001000007461302413820240925014645000,3-170,0000074613024138,"2024-09-25 01:45","2024-09-25 01:45",Vehicle,2,2,"2024-09-25 01:48:19",0,2
001000007462310101420240925003359000,3-238,0000074623101014,"2024-09-25 00:32","2024-09-25 00:32",Vehicle,2,2,"2024-09-25 00:37:33",0,2
001000007462213200920240924220955000,3-245,0000074622132009,"2024-09-24 20:55","2024-09-24 20:55",Vehicle,1,1,"2024-09-24 22:12:46",0,1
001000007461449532820240924211431000,3-188,0000074614495328,"2024-09-24 21:13","2024-09-24 21:13",Vehicle,2,2,"2024-09-24 21:17:50",0,2
001000007461303726520240924205556000,3-170,0000074613037265,"2024-09-24 20:55","2024-09-24 20:55",Vehicle,2,2,"2024-09-24 20:57:01",0,2
001000007462319104920240918003642000,3-250,0000074623191049,"2024-09-17 19:53","2024-09-17 19:53",Vehicle,21,20,"2024-09-24 19:00:01",0,21
001000007462213200920240924185257000,3-245,0000074622132009,"2024-09-24 18:25","2024-09-24 18:25",Vehicle,1,1,"2024-09-24 18:54:15",0,1
001000007462323203720240924181641000,3-170,0000074623232037,"2024-09-24 18:16","2024-09-24 18:16",Vehicle,2,2,"2024-09-24 18:18:40",0,2
001000007462316110420240923223131000,3-170,0000074623161104,"2024-09-23 13:57","2024-09-23 13:57",Vehicle,26,26,"2024-09-24 15:12:38",0,26
001000007462316538120240924134415000,3-250,0000074623165381,"2024-09-24 13:42","2024-09-24 13:42",Vehicle,2,1,"2024-09-24 13:49:01",0,2
001000007462316538120240924134119000,3-250,0000074623165381,"2024-09-24 13:39","2024-09-24 13:39",Vehicle,2,2,"2024-09-24 13:44:15",0,2
001000007462310507420240923233037000,3-170,0000074623105074,"2024-09-23 23:13","2024-09-23 23:13",Vehicle,103,73,"2024-09-24 12:14:42",0,103
002000007462317331520240923185742841,3-253,0000074623173315,"2024-09-21 07:43","2024-09-21 07:46",API_OFFLINE,3,4,"2024-09-24 11:42:55",1,4
001000007462323304720240924060522000,3-170,0000074623233047,"2024-09-24 06:04","2024-09-24 06:04",Vehicle,3,3,"2024-09-24 06:08:05",0,3
001000007462319210920240924035252000,3-250,0000074623192109,"2024-09-24 03:34","2024-09-24 03:34",Vehicle,26,26,"2024-09-24 03:58:49",0,26
001000007462213204520240923222213000,3-238,0000074622132045,"2024-09-23 22:21","2024-09-23 22:21",Vehicle,3,3,"2024-09-23 22:25:17",0,3
001000007462213410820240923212913000,3-238,0000074622134108,"2024-09-23 21:28","2024-09-23 21:28",Vehicle,2,2,"2024-09-23 21:31:55",0,2
001000007462318513020240923172919000,3-309,0000074623185130,"2024-09-23 17:05","2024-09-23 17:05",Vehicle,24,18,"2024-09-23 20:53:37",0,24
001000007462310507420240923172721000,3-170,0000074623105074,"2024-09-23 17:28","2024-09-23 17:28",Vehicle,193,190,"2024-09-23 20:21:47",0,193
001000007462318303020240923194645000,3-309,0000074623183030,"2024-09-23 19:26","2024-09-23 19:26",Vehicle,23,5,"2024-09-23 19:52:10",0,23
002000007462213415920240923194528091,3-170,0000074622134159,"2024-09-22 12:10","2024-09-22 12:15",API,5,5,"2024-09-23 19:45:37",0,5
002000007462213415920240923194012189,3-170,0000074622134159,"2024-09-22 11:12","2024-09-22 11:17",API,5,3,"2024-09-23 19:40:22",0,5
002000007462213415920240923193412161,3-170,0000074622134159,"2024-09-22 12:12","2024-09-22 12:17",API,5,0,"2024-09-23 19:34:21",0,4
002000007462213415920240923193246299,3-170,0000074622134159,"2024-09-22 12:30","2024-09-22 12:40",API,0,0,"2024-09-23 19:33:00",0,0
002000007462213415920240923192552993,3-170,0000074622134159,"2024-09-22 12:46","2024-09-22 12:47",API,0,0,"2024-09-23 19:25:59",0,0
001000007462319208220240923170919000,3-273,0000074623192082,"2024-09-23 16:16","2024-09-23 16:16",Vehicle,35,35,"2024-09-23 19:21:21",0,35
001000007462318303020240923191250000,3-309,0000074623183030,"2024-09-23 18:54","2024-09-23 18:54",Vehicle,25,24,"2024-09-23 19:20:18",0,25
002000007462213415920240923191812170,3-170,0000074622134159,"2024-09-22 10:10","2024-09-22 10:20",API,10,8,"2024-09-23 19:18:28",0,10
001000007462318303020240923182501000,3-309,0000074623183030,"2024-09-23 18:00","2024-09-23 18:00",Vehicle,27,27,"2024-09-23 18:38:41",0,27
002000007462323203120240923173423413,3-170,0000074623232031,"2024-09-23 17:33","2024-09-23 17:34",API,1,1,"2024-09-23 17:34:31",0,1
001000007462312205920240923171338000,3-170,0000074623122059,"2024-09-23 17:11","2024-09-23 17:11",Vehicle,2,2,"2024-09-23 17:21:28",0,2
001000007462318513020240923164237000,3-309,0000074623185130,"2024-09-23 16:21","2024-09-23 16:21",Vehicle,27,27,"2024-09-23 17:05:58",0,27
001000007462310507420240923144406000,3-170,0000074623105074,"2024-09-23 14:16","2024-09-23 14:16",Vehicle,24,24,"2024-09-23 15:24:48",0,24
001000007462305104220240919071555000,3-309,0000074623051042,"2024-09-19 06:54","2024-09-19 06:54",Vehicle,2843,25,"2024-09-23 13:31:17",0,2843
001000007462319105720240923125008000,3-309,0000074623191057,"2024-09-23 12:32","2024-09-23 12:32",Vehicle,25,25,"2024-09-23 13:16:24",0,25
001000007462319106520240923111646000,3-309,0000074623191065,"2024-09-23 10:59","2024-09-23 10:59",Vehicle,22,22,"2024-09-23 11:35:17",0,22
001000007462323203720240923113101000,3-170,0000074623232037,"2024-09-23 11:30","2024-09-23 11:30",Vehicle,3,3,"2024-09-23 11:32:56",0,3
001000007462319105720240923090101000,3-309,0000074623191057,"2024-09-21 15:04","2024-09-21 15:04",Vehicle,25,24,"2024-09-23 09:06:18",0,25
001000007462319104420240923022334000,3-250,0000074623191044,"2024-09-23 02:04","2024-09-23 02:04",Vehicle,26,26,"2024-09-23 02:30:03",0,26
001000007462323304720240923021225000,3-170,0000074623233047,"2024-09-23 02:10","2024-09-23 02:10",Vehicle,3,3,"2024-09-23 02:15:07",0,3
001000007462323304720240922171646000,3-170,0000074623233047,"2024-09-22 17:14","2024-09-22 17:14",Vehicle,2,2,"2024-09-22 17:20:00",0,2
001000007462318300320240922104211000,3-250,0000074623183003,"2024-09-22 10:40","2024-09-22 10:40",Vehicle,3,3,"2024-09-22 10:45:24",0,3
001000007462318513020240922102326000,3-309,0000074623185130,"2024-09-21 23:19","2024-09-21 23:19",Vehicle,27,27,"2024-09-22 10:30:30",0,27
001000007462305516820240922074623000,3-242,0000074623055168,"2024-09-22 07:44","2024-09-22 07:44",Vehicle,2,2,"2024-09-22 07:47:32",0,2
001000007462305516820240922074519000,3-242,0000074623055168,"2024-09-22 07:43","2024-09-22 07:43",Vehicle,2,2,"2024-09-22 07:47:14",0,2
001000007462305516820240922074100000,3-242,0000074623055168,"2024-09-22 07:39","2024-09-22 07:39",Vehicle,2,2,"2024-09-22 07:46:09",0,2
001000007461340487920240921235557000,3-170,0000074613404879,"2024-09-21 19:57","2024-09-21 19:57",Vehicle,2,2,"2024-09-21 23:57:08",0,2
001000007462317223020240921220137000,3-250,0000074623172230,"2024-09-21 22:00","2024-09-21 22:00",Vehicle,2,2,"2024-09-21 22:04:56",0,2
001000007462316227820240921180459000,3-309,0000074623162278,"2024-09-21 17:45","2024-09-21 17:45",Vehicle,27,27,"2024-09-21 19:56:51",0,27
001000007462323203720240921185953000,3-170,0000074623232037,"2024-09-21 18:59","2024-09-21 18:59",Vehicle,2,2,"2024-09-21 19:02:06",0,2
001000007462319106420240921184237000,3-309,0000074623191064,"2024-09-21 18:22","2024-09-21 18:22",Vehicle,25,25,"2024-09-21 18:54:23",0,25
001000007462318513020240921160637000,3-309,0000074623185130,"2024-09-21 15:46","2024-09-21 15:46",Vehicle,25,25,"2024-09-21 17:12:46",0,25
001000007462316227820240921105435000,3-309,0000074623162278,"2024-09-21 10:38","2024-09-21 10:38",Vehicle,19,18,"2024-09-21 17:06:38",0,19
001000007462319106420240921104552000,3-309,0000074623191064,"2024-09-21 10:28","2024-09-21 10:28",Vehicle,30,29,"2024-09-21 11:20:38",0,30
001000007462318303020240921102246000,3-309,0000074623183030,"2024-09-21 10:04","2024-09-21 10:04",Vehicle,26,26,"2024-09-21 10:34:27",0,26
001000007462307202220240920230924000,3-242,0000074623072022,"2024-09-20 23:07","2024-09-20 23:07",Vehicle,2,2,"2024-09-20 23:13:38",0,2
001000007462323203720240920215745000,3-170,0000074623232037,"2024-09-20 21:57","2024-09-20 21:57",Vehicle,2,2,"2024-09-20 22:03:01",0,2
001000007462307100220240920215708000,3-242,0000074623071002,"2024-09-20 21:55","2024-09-20 21:55",Vehicle,2,2,"2024-09-20 21:59:02",0,2
001000007462317223020240920213930000,3-250,0000074623172230,"2024-09-20 21:37","2024-09-20 21:37",Vehicle,2,2,"2024-09-20 21:51:38",0,2
001000007462317223020240920180608000,3-250,0000074623172230,"2024-09-20 18:04","2024-09-20 18:04",Vehicle,2,2,"2024-09-20 18:14:00",0,2
001000007462316437020240920165621000,3-242,0000074623164370,"2024-09-20 16:55","2024-09-20 16:55",Vehicle,2,2,"2024-09-20 16:59:04",0,2
001000007462316437020240920165523000,3-242,0000074623164370,"2024-09-20 16:54","2024-09-20 16:54",Vehicle,2,2,"2024-09-20 16:59:02",0,2
001000007462316437020240920165218537,3-242,0000074623164370,"2024-09-20 16:47","2024-09-20 16:47",Vehicle,2,2,"2024-09-20 16:54:51",0,2
002000007462425526720240920165346277,3-310,0000074624255267,"2024-09-20 16:52","2024-09-20 16:53",API,1,1,"2024-09-20 16:53:53",0,1
001000007462317433020240920000213000,3-309,0000074623174330,"2024-09-19 23:01","2024-09-19 23:01",Vehicle,26,25,"2024-09-20 16:00:50",0,26
001000007462323306620240920143356000,3-218,0000074623233066,"2024-09-20 14:32","2024-09-20 14:32",Vehicle,3,3,"2024-09-20 14:38:48",0,3
002000007461213353520240920140039914,3-170,0000074612133535,"2024-09-20 13:10","2024-09-20 13:15",API,5,5,"2024-09-20 14:00:49",0,5
002000007461213353520240920135946096,3-170,0000074612133535,"2024-09-20 13:15","2024-09-20 13:19",API,4,4,"2024-09-20 13:59:53",0,4
002000007461213353520240920135614695,3-170,0000074612133535,"2024-09-20 13:18","2024-09-20 13:23",API,5,4,"2024-09-20 13:56:26",0,4
001000007462319106220240919222322000,3-250,0000074623191062,"2024-09-19 22:04","2024-09-19 22:04",Vehicle,25,25,"2024-09-20 13:09:07",0,25
001000007462317223220240920114657000,3-253,0000074623172232,"2024-09-20 11:45","2024-09-20 11:45",Vehicle,3,3,"2024-09-20 11:53:29",0,3
001000007462323306620240920113115000,3-218,0000074623233066,"2024-09-20 11:29","2024-09-20 11:29",Vehicle,2,2,"2024-09-20 11:33:36",0,2
001000007462220200620240920112428000,3-253,0000074622202006,"2024-09-20 11:23","2024-09-20 11:23",Vehicle,2,2,"2024-09-20 11:28:12",0,2
001000007462317103220240920062809000,3-304,0000074623171032,"2024-09-20 06:26","2024-09-20 06:26",Vehicle,2,2,"2024-09-20 06:31:17",0,2
001000007461024106520240920022624000,3-170,0000074610241065,"2024-09-20 02:26","2024-09-20 02:26",Vehicle,2,2,"2024-09-20 02:27:41",0,2
001000007462310507420240919231053000,3-170,0000074623105074,"2024-09-19 23:11","2024-09-19 23:11",Vehicle,208,208,"2024-09-20 01:46:04",0,208
001000007462316437020240920013141000,3-242,0000074623164370,"2024-09-20 01:30","2024-09-20 01:30",Vehicle,2,2,"2024-09-20 01:33:57",0,2
001000007462316437020240920013057000,3-242,0000074623164370,"2024-09-20 01:25","2024-09-20 01:25",Vehicle,2,2,"2024-09-20 01:33:03",0,2
001000007462318304620240920010433000,3-309,0000074623183046,"2024-09-20 00:45","2024-09-20 00:45",Vehicle,25,25,"2024-09-20 01:10:21",0,25
001000007462323306620240919231721000,3-218,0000074623233066,"2024-09-19 23:14","2024-09-19 23:14",Vehicle,2,2,"2024-09-19 23:19:31",0,2
001000007462310507420240918200943000,3-170,0000074623105074,"2024-09-18 20:10","2024-09-18 20:10",Vehicle,28,28,"2024-09-19 23:06:01",0,28
002000007462317212820240919213659440,1-291,0000074623172128,"2024-09-19 16:20","2024-09-19 16:23",API,3,2,"2024-09-19 21:37:13",0,2
002000007462318300520240919201948627,3-250,0000074623183005,"2024-09-15 21:19","2024-09-15 21:24",API,5,0,"2024-09-19 20:19:59",0,0
002000007462318300520240919201807395,3-250,0000074623183005,"2024-09-15 21:19","2024-09-15 21:24",API,5,0,"2024-09-19 20:18:18",0,0
001000007462319207720240919192859000,3-309,0000074623192077,"2024-09-19 19:16","2024-09-19 19:16",Vehicle,10,9,"2024-09-19 19:35:25",0,10
002000007462311314620240919191820168,3-170,0000074623113146,"2024-09-19 17:23","2024-09-19 17:33",API,10,10,"2024-09-19 19:18:35",0,10
001000007462326305820240919190544000,3-250,0000074623263058,"2024-09-19 18:24","2024-09-19 18:24",Vehicle,22,21,"2024-09-19 19:11:47",0,22
002000007462316330220240919175235653,3-303,0000074623163302,"2024-09-19 17:08","2024-09-19 17:09",API_OFFLINE,1,0,"2024-09-19 17:59:34",1,0
001000007462310305220240919172008000,3-253,0000074623103052,"2024-09-19 17:18","2024-09-19 17:18",Vehicle,2,2,"2024-09-19 17:28:22",0,2
002000007462307205820240919172157642,3-303,0000074623072058,"2024-09-19 17:20","2024-09-19 17:21",API,1,0,"2024-09-19 17:22:05",0,0
002000007462318300520240918215006716,3-250,0000074623183005,"2024-09-16 00:15","2024-09-16 00:25",API_OFFLINE,0,0,"2024-09-19 16:15:27",1,0
002000007462318300520240918200411614,3-250,0000074623183005,"2024-09-15 21:17","2024-09-15 21:22",API_OFFLINE,5,0,"2024-09-19 16:15:26",1,0
002000007462318300520240918174820553,3-250,0000074623183005,"2024-09-18 17:47","2024-09-18 17:48",API_OFFLINE,0,0,"2024-09-19 16:15:26",1,0
002000007462318300520240918175515313,3-250,0000074623183005,"2024-09-15 21:18","2024-09-15 21:19",API_OFFLINE,1,0,"2024-09-19 16:15:26",1,0
002000007462317212820240919160227546,1-291,0000074623172128,"2024-09-19 15:50","2024-09-19 15:51",API,1,1,"2024-09-19 16:02:42",0,1
001000007461304492920240919152759000,3-170,0000074613044929,"2024-09-19 15:27","2024-09-19 15:27",Vehicle,2,2,"2024-09-19 15:29:33",0,2
001000007462313202220240919143050000,3-170,0000074623132022,"2024-09-19 14:29","2024-09-19 14:29",Vehicle,2,2,"2024-09-19 14:57:39",0,2
001000007462319314620240919132724000,3-309,0000074623193146,"2024-09-19 11:03","2024-09-19 11:03",Vehicle,25,15,"2024-09-19 13:33:16",0,25
002000007462311416620240919130321141,3-170,0000074623114166,"2024-09-19 13:02","2024-09-19 13:03",API,1,1,"2024-09-19 13:03:29",0,1
001000007462308100220240919124646000,3-242,0000074623081002,"2024-09-19 12:00","2024-09-19 12:00",Vehicle,1,1,"2024-09-19 12:47:46",0,1
001000007462318300220240919111607000,3-309,0000074623183002,"2024-09-19 10:57","2024-09-19 10:57",Vehicle,33,32,"2024-09-19 11:51:32",0,33
002000007462317104520240917165605899,3-303,0000074623171045,"2024-09-17 16:54","2024-09-17 16:55",API_OFFLINE,0,0,"2024-09-19 11:34:17",1,0
001000007462319207820240919103902000,3-273,0000074623192078,"1971-01-01 00:00","1971-01-01 00:00",Vehicle,25,24,"2024-09-19 10:43:27",0,25
001000007462319210920240919093655000,3-250,0000074623192109,"2024-09-19 04:08","2024-09-19 04:08",Vehicle,25,24,"2024-09-19 09:42:18",0,25
001000007462319315220240919090005000,3-309,0000074623193152,"2024-09-19 07:46","2024-09-19 07:46",Vehicle,22,22,"2024-09-19 09:26:04",0,22
001000007462227104820240918204930000,3-268,0000074622271048,"2024-09-18 18:53","2024-09-18 18:53",Vehicle,1,1,"2024-09-18 20:53:51",0,1
002000007462311310520240918185416100,3-170,0000074623113105,"2024-09-17 13:20","2024-09-17 13:30",API,10,10,"2024-09-18 18:54:29",0,10
002000007462311310520240918185123200,3-170,0000074623113105,"2024-09-17 13:30","2024-09-17 13:45",API,5,4,"2024-09-18 18:51:39",0,4
002000007462311310520240918184644823,3-170,0000074623113105,"2024-09-18 13:30","2024-09-18 13:45",API,13,13,"2024-09-18 18:47:02",0,13
002000007462311310520240918184135482,3-170,0000074623113105,"2024-09-17 14:45","2024-09-17 14:53",API,8,9,"2024-09-18 18:41:47",0,9
002000007462311310520240918183756874,3-170,0000074623113105,"2024-09-17 14:52","2024-09-17 14:57",API,5,5,"2024-09-18 18:38:05",0,5
002000007462311310520240918183319916,3-170,0000074623113105,"2024-09-18 14:52","2024-09-18 14:57",API,5,4,"2024-09-18 18:33:32",0,4
002000007462311310520240918175912771,3-170,0000074623113105,"2024-09-18 17:58","2024-09-18 17:59",API_OFFLINE,1,0,"2024-09-18 18:10:05",1,0
002000007462214208920240918175741381,3-170,0000074622142089,"2024-09-18 03:40","2024-09-18 03:50",API,10,10,"2024-09-18 17:57:54",0,10
002000007462214208920240918175526431,3-170,0000074622142089,"2024-09-18 03:50","2024-09-18 04:00",API,10,10,"2024-09-18 17:55:39",0,10
002000007462214208920240918175208837,3-170,0000074622142089,"2024-09-18 04:00","2024-09-18 04:10",API,10,10,"2024-09-18 17:52:21",0,10
001000007462318300320240918174611000,3-250,0000074623183003,"2024-09-18 17:44","2024-09-18 17:44",Vehicle,2,2,"2024-09-18 17:49:51",0,2
002000007462214208920240918174604738,3-170,0000074622142089,"2024-09-17 16:00","2024-09-17 16:10",API,10,10,"2024-09-18 17:46:18",0,10
001000007462318300320240918172106000,3-250,0000074623183003,"2024-09-18 17:19","2024-09-18 17:19",Vehicle,3,3,"2024-09-18 17:24:38",0,3
001000007462323203720240918170038000,3-170,0000074623232037,"2024-09-18 16:59","2024-09-18 16:59",Vehicle,2,2,"2024-09-18 17:03:26",0,2
001000007462227313120240918152444000,3-170,0000074622273131,"2024-09-18 15:23","2024-09-18 15:23",Vehicle,2,2,"2024-09-18 15:28:05",0,2
001000007462323203720240918140920000,3-170,0000074623232037,"2024-09-18 14:08","2024-09-18 14:08",Vehicle,2,2,"2024-09-18 14:11:44",0,2
001000007461321598520240918140007000,3-170,0000074613215985,"2024-09-18 13:59","2024-09-18 13:59",Vehicle,2,2,"2024-09-18 14:01:42",0,2
001000007462326306020240918055807000,3-250,0000074623263060,"2024-09-18 05:41","2024-09-18 05:41",Vehicle,26,26,"2024-09-18 06:03:29",0,26
001000007462326306020240918054523000,3-250,0000074623263060,"2024-09-18 05:28","2024-09-18 05:28",Vehicle,25,25,"2024-09-18 05:50:46",0,25
001000007462319106220240918042032000,3-250,0000074623191062,"2024-09-18 03:30","2024-09-18 03:30",Vehicle,25,25,"2024-09-18 04:26:26",0,25
001000007462319106220240918030950000,3-250,0000074623191062,"2024-09-18 02:18","2024-09-18 02:18",Vehicle,25,25,"2024-09-18 03:14:50",0,25
001000007462305101720240918013735000,3-242,0000074623051017,"2024-09-18 01:36","2024-09-18 01:36",Vehicle,1,1,"2024-09-18 01:39:24",0,1
001000007462319106220240918011142000,3-250,0000074623191062,"1971-01-01 00:00","1971-01-01 00:00",Vehicle,24,17,"2024-09-18 01:17:27",0,24
001000007462305101720240918002800000,3-242,0000074623051017,"2024-09-18 00:26","2024-09-18 00:26",Vehicle,2,2,"2024-09-18 00:30:28",0,2
001000007462319314320240917230304000,3-309,0000074623193143,"2024-09-17 22:34","2024-09-17 22:34",Vehicle,25,25,"2024-09-17 23:08:33",0,25
001000007462319315020240917222333000,3-309,0000074623193150,"2024-09-17 21:53","2024-09-17 21:53",Vehicle,24,24,"2024-09-17 22:29:13",0,24
001000007462213205320240917214801000,3-155,0000074622132053,"2024-09-17 21:46","2024-09-17 21:46",Vehicle,2,2,"2024-09-17 21:58:07",0,2
002000007462217202220240917194325627,3-170,0000074622172022,"2024-08-22 12:33","2024-08-22 12:36",API,3,3,"2024-09-17 19:43:35",0,3
001000007462319209220240917185319000,3-253,0000074623192092,"2024-09-17 18:36","2024-09-17 18:36",Vehicle,25,24,"2024-09-17 18:58:21",0,25
001000007462319209220240917183459000,3-253,0000074623192092,"1971-01-01 00:47","1971-01-01 00:47",Vehicle,25,18,"2024-09-17 18:55:08",0,25
001000007462319210920240917174457000,3-250,0000074623192109,"2024-09-15 02:40","2024-09-15 02:40",Vehicle,25,8,"2024-09-17 17:50:39",0,25
001000007462312101120240917164110000,3-170,0000074623121011,"2024-09-17 16:39","2024-09-17 16:39",Vehicle,2,2,"2024-09-17 16:48:40",0,2
002000007462305412220240917163806097,3-242,0000074623054122,"2024-09-13 20:46","2024-09-13 20:49",API,3,3,"2024-09-17 16:38:18",0,3
001000007462317104520240917152952000,3-303,0000074623171045,"2024-09-17 15:09","2024-09-17 15:09",Vehicle,27,27,"2024-09-17 15:56:50",0,27
001000007462318302620240917135028000,3-250,0000074623183026,"2024-09-14 18:01","2024-09-14 18:01",Vehicle,24,24,"2024-09-17 13:56:27",0,24
001000007462323200120240917104423000,3-170,0000074623232001,"2024-09-17 10:43","2024-09-17 10:43",Vehicle,2,2,"2024-09-17 10:46:22",0,2
001000007462323200120240917104115000,3-170,0000074623232001,"2024-09-17 10:40","2024-09-17 10:40",Vehicle,2,2,"2024-09-17 10:42:58",0,2
001000007462312310720240916223014000,3-170,0000074623123107,"2024-09-16 22:29","2024-09-16 22:29",Vehicle,2,2,"2024-09-16 22:33:11",0,2
001000007461339647620240916212658000,3-170,0000074613396476,"2024-09-16 21:26","2024-09-16 21:26",Vehicle,2,2,"2024-09-16 21:28:18",0,2
002000007462217202220240916205520626,3-170,0000074622172022,"2024-08-22 12:35","2024-08-22 12:45",API,9,9,"2024-09-16 20:55:37",0,9
001000007462316331020240916195712000,3-253,0000074623163310,"1971-01-01 00:21","1971-01-01 00:21",Vehicle,25,9,"2024-09-16 20:02:54",0,25
002000007462316331020240916200031607,3-253,0000074623163310,"2024-09-16 19:59","2024-09-16 20:00",API,1,1,"2024-09-16 20:00:35",0,1
002000007462316331020240916195746303,3-253,0000074623163310,"2024-09-16 19:56","2024-09-16 19:57",API,1,1,"2024-09-16 19:57:52",0,1
001000007462213413220240916182059000,3-170,0000074622134132,"2024-09-16 18:20","2024-09-16 18:20",Vehicle,2,2,"2024-09-16 18:24:08",0,2
001000007462425317320240916164102694,3-238,0000074624253173,"2024-09-15 15:36","2024-09-15 15:36",Vehicle,25,23,"2024-09-16 16:46:30",0,25
002000007462217202220240916162630530,3-170,0000074622172022,"2024-09-16 16:25","2024-09-16 16:26",API,1,1,"2024-09-16 16:26:37",0,1
001000007462316227420240916151254000,3-250,0000074623162274,"2024-09-16 15:11","2024-09-16 15:11",Vehicle,2,2,"2024-09-16 15:15:57",0,2
001000007462317223220240916125056000,3-253,0000074623172232,"2024-09-16 12:49","2024-09-16 12:49",Vehicle,2,2,"2024-09-16 12:53:41",0,2
001000007461422165520240916124116000,3-170,0000074614221655,"2024-09-16 12:40","2024-09-16 12:40",Vehicle,2,2,"2024-09-16 12:42:25",0,2
001000007462213413120240916111002000,3-170,0000074622134131,"2024-09-16 11:09","2024-09-16 11:09",Vehicle,2,2,"2024-09-16 11:31:45",0,2
001000007461005161220240916011215000,3-170,0000074610051612,"2024-09-16 01:11","2024-09-16 01:11",Vehicle,2,2,"2024-09-16 01:13:10",0,2
001000007462316227420240915044448000,3-250,0000074623162274,"2024-09-15 04:43","2024-09-15 04:43",Vehicle,1364,1,"2024-09-15 17:41:29",0,1364
001000007462305104820240915171645000,3-242,0000074623051048,"2024-09-15 17:15","2024-09-15 17:15",Vehicle,2,2,"2024-09-15 17:18:37",0,2
001000007461027337420240915032854000,3-170,0000074610273374,"2024-09-15 03:28","2024-09-15 03:28",Vehicle,2,2,"2024-09-15 03:30:34",0,2
001000007462319208920240914195231000,3-250,0000074623192089,"2024-09-14 19:33","2024-09-14 19:33",Vehicle,26,26,"2024-09-14 20:00:15",0,26
001000007462310305220240914193105000,3-253,0000074623103052,"2024-09-14 19:29","2024-09-14 19:29",Vehicle,2,2,"2024-09-14 19:34:05",0,2
001000007462319106020240914182651000,3-309,0000074623191060,"2024-09-14 18:01","2024-09-14 18:01",Vehicle,25,16,"2024-09-14 18:32:27",0,25
001000007462316538020240914172244000,3-273,0000074623165380,"2024-09-14 13:02","2024-09-14 13:02",Vehicle,2,2,"2024-09-14 17:24:45",0,2
001000007462312310720240914152317000,3-170,0000074623123107,"2024-09-14 15:21","2024-09-14 15:21",Vehicle,2,2,"2024-09-14 15:26:28",0,2
001000007462312310720240914150728000,3-170,0000074623123107,"2024-09-14 15:05","2024-09-14 15:05",Vehicle,2,2,"2024-09-14 15:10:16",0,2
001000007462312310720240914143143000,3-170,0000074623123107,"2024-09-14 14:30","2024-09-14 14:30",Vehicle,2,2,"2024-09-14 14:34:21",0,2
001000007462318302620240914133511000,3-250,0000074623183026,"2024-09-14 04:15","2024-09-14 04:15",Vehicle,25,7,"2024-09-14 13:40:37",0,25
001000007462319315920240914132631000,3-250,0000074623193159,"2024-09-14 02:46","2024-09-14 02:46",Vehicle,25,10,"2024-09-14 13:32:13",0,25
001000007462319104120240913222209000,3-250,0000074623191041,"2024-09-13 19:54","2024-09-13 19:54",Vehicle,25,15,"2024-09-13 22:27:55",0,25
001000007462310507420240913202134000,3-170,0000074623105074,"2024-09-13 20:22","2024-09-13 20:22",Vehicle,26,22,"2024-09-13 20:28:11",0,26
002000007462312210220240913191701227,3-170,0000074623122102,"2024-09-13 13:03","2024-09-13 13:06",API,3,4,"2024-09-13 19:17:11",0,4
002000007462312210220240913190851498,3-170,0000074623122102,"2024-09-13 13:00","2024-09-13 13:05",API,5,5,"2024-09-13 19:09:00",0,5
002000007462312210220240913190553619,3-170,0000074623122102,"2024-09-13 13:05","2024-09-13 13:10",API,5,5,"2024-09-13 19:06:13",0,5
002000007461229658420240913183144987,3-170,0000074612296584,"2024-09-13 16:25","2024-09-13 16:30",API,5,5,"2024-09-13 18:31:54",0,5
002000007461229658420240913182913398,3-170,0000074612296584,"2024-09-13 16:26","2024-09-13 16:31",API,5,5,"2024-09-13 18:29:21",0,5
002000007461229658420240913182850571,3-170,0000074612296584,"2024-09-13 16:25","2024-09-13 16:26",API,1,1,"2024-09-13 18:28:54",0,1
002000007461229658420240913182807241,3-170,0000074612296584,"2024-09-13 16:30","2024-09-13 16:35",API,1,1,"2024-09-13 18:28:19",0,1
001000007461108748020240913150400000,3-170,0000074611087480,"2024-09-13 15:03","2024-09-13 15:03",Vehicle,2,2,"2024-09-13 15:06:09",0,2
002000007462316216720240913142328206,3-170,0000074623162167,"2024-09-13 14:22","2024-09-13 14:23",API,1,1,"2024-09-13 14:23:35",0,1
001000007461304492920240913140714000,3-170,0000074613044929,"2024-09-13 14:07","2024-09-13 14:07",Vehicle,1,1,"2024-09-13 14:07:37",0,1
002000007462213521820240913132701487,3-170,0000074622135218,"2024-09-12 21:05","2024-09-12 21:10",API_OFFLINE,2,2,"2024-09-13 13:46:06",1,2
002000007462213521820240913132747901,3-170,0000074622135218,"2024-09-12 20:55","2024-09-12 21:00",API_OFFLINE,5,5,"2024-09-13 13:46:06",1,5
002000007462213521820240913132045944,3-170,0000074622135218,"2024-09-12 21:00","2024-09-12 21:05",API,5,5,"2024-09-13 13:20:57",0,5
001000007462312210220240913130950000,3-170,0000074623122102,"2024-09-13 13:08","2024-09-13 13:08",Vehicle,2,2,"2024-09-13 13:11:59",0,2
001000007462316331520240913120957000,3-253,0000074623163315,"2024-09-13 12:08","2024-09-13 12:08",Vehicle,2,2,"2024-09-13 12:14:38",0,2
002000007462316111120240913011610147,3-170,0000074623161111,"2024-09-13 01:14","2024-09-13 01:15",API,1,1,"2024-09-13 01:16:17",0,1
001000007462319206920240912224304000,3-250,0000074623192069,"2024-09-12 19:46","2024-09-12 19:46",Vehicle,25,24,"2024-09-12 22:49:00",0,25
001000007461108748020240912223746000,3-170,0000074611087480,"2024-09-12 22:36","2024-09-12 22:36",Vehicle,2,2,"2024-09-12 22:38:31",0,2
001000007462319104320240912214734000,3-253,0000074623191043,"1971-01-01 00:05","1971-01-01 00:05",Vehicle,24,7,"2024-09-12 21:54:31",0,24
001000007462227312920240912210240000,3-242,0000074622273129,"2024-09-12 21:01","2024-09-12 21:01",Vehicle,2,2,"2024-09-12 21:04:17",0,2
001000007462214101020240912192457000,3-170,0000074622141010,"2024-09-12 19:24","2024-09-12 19:24",Vehicle,2,2,"2024-09-12 19:27:40",0,2
001000007462319206920240912185214000,3-250,0000074623192069,"2024-09-12 13:30","2024-09-12 13:30",Vehicle,25,18,"2024-09-12 18:58:19",0,25
001000007462213205320240912184333000,3-155,0000074622132053,"2024-09-12 18:42","2024-09-12 18:42",Vehicle,2,2,"2024-09-12 18:46:34",0,2
001000007462316226220240912172718000,3-253,0000074623162262,"2024-09-12 17:14","2024-09-12 17:14",Vehicle,2,2,"2024-09-12 17:31:28",0,2
001000007462307100220240912172412000,3-242,0000074623071002,"2024-09-12 17:22","2024-09-12 17:22",Vehicle,2,2,"2024-09-12 17:28:13",0,2
001000007462319208820240912170700000,3-253,0000074623192088,"2024-09-12 16:50","2024-09-12 16:50",Vehicle,25,25,"2024-09-12 17:12:46",0,25
001000007462317219120240912165212000,3-282,0000074623172191,"2024-09-12 16:51","2024-09-12 16:51",Vehicle,2,2,"2024-09-12 16:54:38",0,2
002000007462316539920240912150154608,3-242,0000074623165399,"2024-09-12 06:25","2024-09-12 06:30",API,5,5,"2024-09-12 15:02:06",0,5
002000007462316539920240912144750123,3-242,0000074623165399,"2024-09-12 06:22","2024-09-12 06:27",API,5,5,"2024-09-12 14:48:03",0,5
001000007462226414120240912144232000,3-242,0000074622264141,"2024-09-12 14:40","2024-09-12 14:40",Vehicle,2,2,"2024-09-12 14:44:05",0,2
001000007462319315520240912111822000,3-253,0000074623193155,"2024-09-11 22:06","2024-09-11 22:06",Vehicle,25,23,"2024-09-12 11:22:12",0,25
001000007462305100720240911232104000,3-242,0000074623051007,"2024-09-11 23:19","2024-09-11 23:19",Vehicle,2,2,"2024-09-11 23:22:50",0,2
001000007462220200620240911222550000,3-253,0000074622202006,"2024-09-11 22:24","2024-09-11 22:24",Vehicle,2,2,"2024-09-11 22:29:58",0,2
001000007462307201720240911205806000,3-242,0000074623072017,"2024-09-11 20:57","2024-09-11 20:57",Vehicle,2,2,"2024-09-11 21:01:30",0,2
002000007462317212820240911204103739,1-291,0000074623172128,"2024-09-11 20:27","2024-09-11 20:39",API,8,8,"2024-09-11 20:41:17",0,8
002000007462317212820240911203754327,1-291,0000074623172128,"2024-09-11 20:32","2024-09-11 20:33",API,1,1,"2024-09-11 20:38:09",0,1
002000007462317212820240911203318325,1-291,0000074623172128,"2024-09-11 20:30","2024-09-11 20:32",API,1,1,"2024-09-11 20:33:24",0,1
001000007462317104520240911202419000,3-303,0000074623171045,"2024-09-11 16:42","2024-09-11 16:42",Vehicle,25,20,"2024-09-11 20:31:57",0,25
001000007462227104820240911202324000,3-268,0000074622271048,"2024-09-11 20:21","2024-09-11 20:21",Vehicle,2,2,"2024-09-11 20:25:28",0,2
001000007462316437020240911200523000,3-242,0000074623164370,"2024-09-11 20:03","2024-09-11 20:03",Vehicle,3,2,"2024-09-11 20:09:58",0,3
001000007462316437020240911200218000,3-242,0000074623164370,"2024-09-11 20:01","2024-09-11 20:01",Vehicle,2,2,"2024-09-11 20:06:42",0,2
001000007462316437020240911200037000,3-242,0000074623164370,"2024-09-11 19:46","2024-09-11 19:46",Vehicle,2,2,"2024-09-11 20:03:19",0,2
002000007462317212820240911194252148,1-291,0000074623172128,"2024-09-11 19:38","2024-09-11 19:39",API,0,0,"2024-09-11 19:42:58",0,0
002000007462317212820240911193908803,1-291,0000074623172128,"2024-09-11 19:35","2024-09-11 19:36",API,0,0,"2024-09-11 19:39:15",0,0
002000007462317331920240911181717092,3-304,0000074623173319,"2024-09-11 13:18","2024-09-11 13:19",API,1,1,"2024-09-11 18:17:23",0,1
001000007462312210120240911180835000,3-242,0000074623122101,"2024-09-11 18:06","2024-09-11 18:06",Vehicle,2,2,"2024-09-11 18:09:55",0,2
001000007462317326120240911160623000,3-241,0000074623173261,"2024-09-11 16:04","2024-09-11 16:04",Vehicle,2,2,"2024-09-11 16:09:58",0,2
001000007462205200620240911155316000,3-170,0000074622052006,"2024-09-11 15:53","2024-09-11 15:53",Vehicle,2,2,"2024-09-11 15:54:38",0,2
001000007461111391320240911154028000,3-170,0000074611113913,"2024-09-11 15:40","2024-09-11 15:40",Vehicle,2,2,"2024-09-11 15:43:11",0,2
002000007462317103920240911142329612,3-250,0000074623171039,"2024-08-28 02:09","2024-08-28 02:29",API,0,0,"2024-09-11 14:23:52",0,0
001000007462323203720240911123331000,3-170,0000074623232037,"2024-09-11 12:32","2024-09-11 12:32",Vehicle,2,2,"2024-09-11 12:35:06",0,2
001000007462305208320240911040041000,3-170,0000074623052083,"2024-06-11 20:42","2024-06-11 20:42",Vehicle,1,1,"2024-09-11 04:01:25",0,1
001000007462425317320240910203441000,3-238,0000074624253173,"2024-09-10 16:15","2024-09-10 16:15",Vehicle,21,19,"2024-09-11 03:49:54",0,21
001000007462323304720240911002147000,3-170,0000074623233047,"2024-09-11 00:19","2024-09-11 00:19",Vehicle,2,2,"2024-09-11 00:23:41",0,2
002000007462317103920240910185528941,3-250,0000074623171039,"2024-08-27 16:00","2024-08-27 16:20",API,8,6,"2024-09-10 18:55:51",0,7
002000007462317103920240910184328399,3-250,0000074623171039,"2024-08-27 15:50","2024-08-27 16:10",API,18,17,"2024-09-10 18:43:48",0,18
002000007462317103920240910184251268,3-250,0000074623171039,"2024-08-27 15:50","2024-08-27 16:30",API,18,17,"2024-09-10 18:43:29",0,18
002000007462317103920240910184219633,3-250,0000074623171039,"2024-08-27 15:50","2024-08-27 16:30",API,18,17,"2024-09-10 18:42:58",0,18
002000007462317103920240910184144885,3-250,0000074623171039,"2024-08-27 15:50","2024-08-27 16:30",API,18,17,"2024-09-10 18:42:23",0,18
001000007462317222420240525004839000,3-250,0000074623172224,"2024-05-24 19:48","2024-05-24 19:48",Vehicle,21,13,"2024-09-10 17:57:47",0,21
001000007462227206120240910173008000,3-170,0000074622272061,"2024-09-10 17:29","2024-09-10 17:29",Vehicle,2,2,"2024-09-10 17:33:33",0,2
001000007461303726520240910172432000,3-170,0000074613037265,"2024-09-10 17:23","2024-09-10 17:23",Vehicle,2,2,"2024-09-10 17:25:02",0,2
001000007462213203920240910144856000,3-188,0000074622132039,"2024-09-10 14:47","2024-09-10 14:47",Vehicle,2,2,"2024-09-10 14:52:06",0,2
002000007462311204020240910120849959,3-170,0000074623112040,"2024-09-09 20:40","2024-09-09 20:50",API,10,10,"2024-09-10 12:09:02",0,10
002000007462311204020240910120430395,3-170,0000074623112040,"2024-09-09 21:00","2024-09-09 21:10",API,0,0,"2024-09-10 12:04:46",0,0
002000007462311204020240910120402343,3-170,0000074623112040,"2024-09-09 21:00","2024-09-09 21:01",API,0,0,"2024-09-10 12:04:08",0,0
002000007462311315020240910120257964,3-170,0000074623113150,"2024-09-09 21:05","2024-09-09 21:10",API,0,0,"2024-09-10 12:03:07",0,0
002000007462311315020240910120221700,3-170,0000074623113150,"2024-09-09 21:00","2024-09-09 21:05",API,0,0,"2024-09-10 12:02:36",0,0
001000007461027337420240910000638000,3-170,0000074610273374,"2024-09-10 00:06","2024-09-10 00:06",Vehicle,2,2,"2024-09-10 00:08:05",0,2
001000007462315501020240909233720000,3-170,0000074623155010,"2024-09-09 23:17","2024-09-09 23:17",Vehicle,25,25,"2024-09-09 23:48:40",0,25
001000007462317225220240909223022000,3-250,0000074623172252,"2024-09-09 22:28","2024-09-09 22:28",Vehicle,2,2,"2024-09-09 22:31:40",0,2
002000007462311101920240909221638520,3-170,0000074623111019,"2024-09-09 21:28","2024-09-09 21:38",API,6,6,"2024-09-09 22:16:52",0,6
001000007462317223420240909215938000,3-250,0000074623172234,"2024-09-09 21:58","2024-09-09 21:58",Vehicle,2,2,"2024-09-09 22:01:26",0,2
001000007462317225220240909214743000,3-250,0000074623172252,"2024-09-09 21:46","2024-09-09 21:46",Vehicle,2,2,"2024-09-09 21:51:44",0,2
001000007462310507420240909211125000,3-170,0000074623105074,"2024-09-09 20:56","2024-09-09 20:56",Vehicle,34,34,"2024-09-09 21:30:35",0,34
001000007462317225220240909212013000,3-250,0000074623172252,"2024-09-09 21:18","2024-09-09 21:18",Vehicle,2,2,"2024-09-09 21:24:39",0,2
002000007462310507420240909201548902,3-170,0000074623105074,"2024-09-09 20:10","2024-09-09 20:11",API,1,1,"2024-09-09 20:15:57",0,1
001000007462425317320240909195716000,3-238,0000074624253173,"2024-09-09 19:29","2024-09-09 19:29",Vehicle,25,23,"2024-09-09 20:03:14",0,25
002000007462310507420240909194336309,3-170,0000074623105074,"2024-09-09 19:42","2024-09-09 19:43",API,0,0,"2024-09-09 19:43:47",0,0
002000007462310507420240909192026106,3-170,0000074623105074,"2024-09-09 19:19","2024-09-09 19:20",API,0,0,"2024-09-09 19:20:34",0,0
002000007462310507420240909191856767,3-170,0000074623105074,"2024-09-09 19:09","2024-09-09 19:10",API,1,1,"2024-09-09 19:19:02",0,1
002000007462310507420240909191843188,3-170,0000074623105074,"2024-09-09 19:17","2024-09-09 19:18",API,0,0,"2024-09-09 19:18:51",0,0
001000007462316335620240909120656000,3-253,0000074623163356,"2024-09-09 11:22","2024-09-09 11:22",Vehicle,21,20,"2024-09-09 19:09:41",0,21
002000007462310507420240909164905201,3-170,0000074623105074,"2024-09-09 16:48","2024-09-09 16:49",API,0,0,"2024-09-09 16:49:11",0,0
002000007462310507420240909164520250,3-170,0000074623105074,"2024-09-09 16:40","2024-09-09 16:41",API,1,0,"2024-09-09 16:45:27",0,0
002000007462310507420240909162402679,3-170,0000074623105074,"2024-09-09 16:19","2024-09-09 16:20",API,1,1,"2024-09-09 16:24:17",0,1
001000007461027337420240909145043000,3-170,0000074610273374,"2024-09-09 14:50","2024-09-09 14:50",Vehicle,2,2,"2024-09-09 14:51:55",0,2
002000007462350403720240909143118993,3-170,0000074623504037,"2024-09-07 00:38","2024-09-07 00:39",API_OFFLINE,1,1,"2024-09-09 14:41:21",1,1
002000007462350403720240909143050372,3-170,0000074623504037,"2024-09-07 00:38","2024-09-07 00:43",API_OFFLINE,6,6,"2024-09-09 14:41:20",1,6
001000007462310507420240908191657000,3-170,0000074623105074,"2024-09-08 19:17","2024-09-08 19:17",Vehicle,32,27,"2024-09-09 14:00:21",0,32
001000007462311314420240909010212000,3-170,0000074623113144,"2024-09-09 01:01","2024-09-09 01:01",Vehicle,2,2,"2024-09-09 01:04:31",0,2
001000007462226517220240908230530000,3-242,0000074622265172,"2024-09-08 23:04","2024-09-08 23:04",Vehicle,2,2,"2024-09-08 23:08:48",0,2
001000007462317219120240908194414000,3-282,0000074623172191,"2024-09-08 19:42","2024-09-08 19:42",Vehicle,2,2,"2024-09-08 19:45:47",0,2
002000007462310507420240908183936684,3-170,0000074623105074,"2024-09-08 18:36","2024-09-08 18:37",API,1,1,"2024-09-08 18:39:44",0,1
002000007462310507420240908165126999,3-170,0000074623105074,"2024-09-08 16:43","2024-09-08 16:44",API,1,1,"2024-09-08 16:51:33",0,1
001000007462310507420240907220403000,3-170,0000074623105074,"2024-09-07 18:04","2024-09-07 18:04",Vehicle,24,23,"2024-09-08 16:50:13",0,24
001000007462227104820240908075138000,3-268,0000074622271048,"2024-09-08 07:49","2024-09-08 07:49",Vehicle,2,2,"2024-09-08 07:53:10",0,2
001000007462316540120240908051002000,3-307,0000074623165401,"2024-09-08 05:08","2024-09-08 05:08",Vehicle,2,2,"2024-09-08 05:11:43",0,2
001000007462227418120240908022046000,3-242,0000074622274181,"2024-09-08 02:18","2024-09-08 02:18",Vehicle,2,2,"2024-09-08 02:24:20",0,2
001000007462316226920240907233832000,3-250,0000074623162269,"2024-09-07 23:37","2024-09-07 23:37",Vehicle,2,2,"2024-09-07 23:42:06",0,2
001000007462306304720240907204848000,3-242,0000074623063047,"2024-09-07 20:47","2024-09-07 20:47",Vehicle,2,2,"2024-09-07 20:50:42",0,2
002000007462310507420240907134210912,3-170,0000074623105074,"2024-09-07 13:00","2024-09-07 13:01",API_OFFLINE,1,1,"2024-09-07 16:14:53",1,1
001000007462323202520240907150454000,3-170,0000074623232025,"2024-09-07 15:03","2024-09-07 15:03",Vehicle,2,2,"2024-09-07 15:07:42",0,2
001000007462310507420240907113618000,3-170,0000074623105074,"2024-09-06 23:16","2024-09-06 23:16",Vehicle,134,69,"2024-09-07 13:36:56",0,134
001000007462317100520240907002837000,3-250,0000074623171005,"2024-09-07 00:26","2024-09-07 00:26",Vehicle,2,2,"2024-09-07 00:29:50",0,2
001000007462310507420240906204041000,3-170,0000074623105074,"2024-09-06 15:05","2024-09-06 15:05",Vehicle,184,124,"2024-09-06 23:30:25",0,184
001000007462226517220240906231133000,3-242,0000074622265172,"2024-09-06 23:09","2024-09-06 23:09",Vehicle,2,2,"2024-09-06 23:15:05",0,2
001000007462317100520240906211916000,3-250,0000074623171005,"2024-09-06 21:17","2024-09-06 21:17",Vehicle,2,2,"2024-09-06 21:20:41",0,2
001000007462316227420240906210527000,3-250,0000074623162274,"2024-09-06 21:04","2024-09-06 21:04",Vehicle,2,2,"2024-09-06 21:06:59",0,2
001000007462317213620240906210211000,3-250,0000074623172136,"2024-09-06 21:01","2024-09-06 21:01",Vehicle,2,2,"2024-09-06 21:06:04",0,2
002000007462227313520240906205321022,3-242,0000074622273135,"2024-08-30 20:52","2024-08-30 20:53",API,0,0,"2024-09-06 20:53:26",0,0
002000007462227313520240906205054498,3-242,0000074622273135,"2024-09-06 20:50","2024-09-06 20:51",API,1,1,"2024-09-06 20:51:02",0,1
002000007462227313520240906204050952,3-242,0000074622273135,"2024-08-14 19:57","2024-08-14 20:01",API,0,0,"2024-09-06 20:41:02",0,0
001000007462305101020240906202702000,3-242,0000074623051010,"2024-09-06 20:25","2024-09-06 20:25",Vehicle,2,2,"2024-09-06 20:30:19",0,2
002000007462227313520240906191205593,3-242,0000074622273135,"2024-08-14 19:55","2024-08-14 20:00",API,0,0,"2024-09-06 19:12:16",0,0
001000007462316227420240906183850000,3-250,0000074623162274,"2024-09-05 14:51","2024-09-05 14:51",Vehicle,2,2,"2024-09-06 18:40:39",0,2
002000007462227209820240905232102179,3-242,0000074622272098,"2024-09-05 23:15","2024-09-05 23:16",API_OFFLINE,0,0,"2024-09-06 16:31:08",1,0
002000007461427436620240906162352948,3-170,0000074614274366,"2024-09-06 16:20","2024-09-06 16:21",API,1,1,"2024-09-06 16:24:07",0,1
001000007462310507420240906133135000,3-170,0000074623105074,"2024-09-06 13:23","2024-09-06 13:23",Vehicle,46,46,"2024-09-06 14:02:40",0,46
002000007462316102720240905193259000,3-170,0000074623161027,"2024-09-05 18:50","2024-09-05 18:51",API_OFFLINE,2,2,"2024-09-06 13:45:06",1,2
002000007462313201620240906133912767,3-170,0000074623132016,"2024-09-05 12:45","2024-09-05 12:50",API,5,4,"2024-09-06 13:39:22",0,4
002000007462317108120240906131938202,3-304,0000074623171081,"2024-09-06 12:10","2024-09-06 12:14",API,4,4,"2024-09-06 13:19:47",0,4
001000007462310507420240906125530000,3-170,0000074623105074,"2024-09-06 12:56","2024-09-06 12:56",Vehicle,22,19,"2024-09-06 13:08:36",0,22
001000007462317327220240906121851000,3-304,0000074623173272,"2024-09-06 12:00","2024-09-06 12:00",Vehicle,2,2,"2024-09-06 12:51:49",0,2
001000007462317327220240906115905000,3-304,0000074623173272,"2024-09-06 11:57","2024-09-06 11:57",Vehicle,2,2,"2024-09-06 12:01:16",0,2
001000007462317219220240906110631000,3-253,0000074623172192,"2024-09-06 11:05","2024-09-06 11:05",Vehicle,2,2,"2024-09-06 11:08:18",0,2
001000007462317219620240906104854000,3-250,0000074623172196,"2024-09-06 00:52","2024-09-06 00:52",Vehicle,2,2,"2024-09-06 10:50:23",0,2
001000007461233158320240905235031000,3-170,0000074612331583,"2024-09-05 23:49","2024-09-05 23:49",Vehicle,2,2,"2024-09-05 23:51:19",0,2
001000007462316539520240905223011000,3-244,0000074623165395,"2024-09-05 22:29","2024-09-05 22:29",Vehicle,2,2,"2024-09-05 22:32:03",0,2
001000007462316539520240905221205000,3-244,0000074623165395,"2024-09-05 22:10","2024-09-05 22:10",Vehicle,2,2,"2024-09-05 22:13:39",0,2
001000007462312207920240905214536000,1-291,0000074623122079,"2024-09-05 21:44","2024-09-05 21:44",Vehicle,2,2,"2024-09-05 21:47:53",0,2
001000007462317221520240905205008000,3-253,0000074623172215,"2024-09-05 20:48","2024-09-05 20:48",Vehicle,2,2,"2024-09-05 20:53:22",0,2
001000007462307203120240811015435000,3-242,0000074623072031,"2024-08-10 14:06","2024-08-10 14:06",Vehicle,25,25,"2024-09-05 20:49:03",0,25
002000007462317332520240905192038715,3-303,0000074623173325,"2024-09-05 19:19","2024-09-05 19:20",API,1,1,"2024-09-05 19:20:45",0,1
002000007462317332520240905184404748,3-303,0000074623173325,"2024-09-05 18:41","2024-09-05 18:42",API,1,0,"2024-09-05 18:44:12",0,0
002000007462227101020240905181025601,3-170,0000074622271010,"2024-09-05 18:09","2024-09-05 18:10",API,1,1,"2024-09-05 18:10:33",0,1
002000007462317332320240905165052291,3-303,0000074623173323,"2024-09-05 16:49","2024-09-05 16:50",API,1,1,"2024-09-05 16:50:59",0,1
002000007462317332320240905164229497,3-303,0000074623173323,"2024-09-05 16:40","2024-09-05 16:41",API,1,0,"2024-09-05 16:42:37",0,0
002000007462313201620240905155024034,3-170,0000074623132016,"2024-09-05 12:47","2024-09-05 12:48",API_OFFLINE,1,1,"2024-09-05 16:19:40",1,1
002000007462313201620240905155055159,3-170,0000074623132016,"2024-09-05 12:49","2024-09-05 12:50",API_OFFLINE,1,1,"2024-09-05 16:19:40",1,1
002000007462313201620240905155037665,3-170,0000074623132016,"2024-09-05 12:48","2024-09-05 12:49",API_OFFLINE,1,1,"2024-09-05 16:19:39",1,1
002000007462313201620240905155009693,3-170,0000074623132016,"2024-09-05 12:46","2024-09-05 12:47",API_OFFLINE,1,1,"2024-09-05 16:19:38",1,1
002000007462217202220240905123021106,3-170,0000074622172022,"2024-09-05 12:29","2024-09-05 12:30",API_OFFLINE,0,0,"2024-09-05 16:14:45",1,0
002000007462226519420240905161051597,3-170,0000074622265194,"2024-05-12 22:40","2024-05-12 22:50",API,0,0,"2024-09-05 16:11:07",0,0
002000007462226519420240905154704457,3-170,0000074622265194,"2024-05-12 22:30","2024-05-12 22:40",API,0,0,"2024-09-05 15:47:17",0,0
002000007462226519420240905154619839,3-170,0000074622265194,"2024-05-12 22:40","2024-05-12 22:50",API,0,0,"2024-09-05 15:46:34",0,0
002000007462317222320240905151801519,3-303,0000074623172223,"2024-09-05 15:02","2024-09-05 15:03",API,1,1,"2024-09-05 15:18:09",0,1
001000007462313201620240905150800000,3-170,0000074623132016,"2024-09-05 15:06","2024-09-05 15:06",Vehicle,2,2,"2024-09-05 15:10:16",0,2
002000007462226519420240905141302803,3-170,0000074622265194,"2024-05-12 22:40","2024-05-12 22:50",API_OFFLINE,0,0,"2024-09-05 15:06:35",1,0
001000007462317108720240905144907000,3-250,0000074623171087,"2024-09-05 14:47","2024-09-05 14:47",Vehicle,2,2,"2024-09-05 14:52:05",0,2
002000007462316330920240905125517654,3-303,0000074623163309,"2024-09-05 12:52","2024-09-05 12:53",API_OFFLINE,0,0,"2024-09-05 13:56:05",1,0
002000007462316330920240905131243066,3-303,0000074623163309,"2024-09-05 13:05","2024-09-05 13:06",API_OFFLINE,1,1,"2024-09-05 13:56:05",1,1
001000007462310507420240904205455000,3-170,0000074623105074,"2024-09-04 20:43","2024-09-04 20:43",Vehicle,21,21,"2024-09-05 13:49:31",0,21
002000007462311308820240905124805276,3-170,0000074623113088,"2024-09-05 12:47","2024-09-05 12:48",API,1,1,"2024-09-05 12:48:13",0,1
001000007462317102220240905114234000,3-250,0000074623171022,"2024-09-05 11:40","2024-09-05 11:40",Vehicle,2,2,"2024-09-05 11:43:49",0,2
001000007462213413220240905102713000,3-170,0000074622134132,"2024-09-05 10:27","2024-09-05 10:27",Vehicle,2,2,"2024-09-05 10:28:49",0,2
001000007462227104820240905004519000,3-268,0000074622271048,"2024-09-05 00:43","2024-09-05 00:43",Vehicle,2,2,"2024-09-05 00:47:50",0,2
002000007462305101520240904212232126,3-242,0000074623051015,"2024-09-04 21:19","2024-09-04 21:20",API,1,1,"2024-09-04 21:22:39",0,1
002000007462305101520240904212046197,3-242,0000074623051015,"2024-09-04 21:15","2024-09-04 21:16",API,1,1,"2024-09-04 21:20:57",0,1
001000007462227104820240904205712000,3-268,0000074622271048,"2024-09-04 20:55","2024-09-04 20:55",Vehicle,3,3,"2024-09-04 21:00:44",0,3
001000007462227104820240904203933000,3-268,0000074622271048,"2024-09-04 20:37","2024-09-04 20:37",Vehicle,3,3,"2024-09-04 20:42:50",0,3
001000007462316332420240904202706000,3-238,0000074623163324,"2024-09-04 20:25","2024-09-04 20:25",Vehicle,2,2,"2024-09-04 20:29:21",0,2
002000007462305101520240904202826808,3-242,0000074623051015,"2024-08-30 08:34","2024-08-30 08:38",API,4,4,"2024-09-04 20:28:35",0,4
002000007462305101520240904202256923,3-242,0000074623051015,"2024-08-30 10:34","2024-08-30 10:38",API,4,4,"2024-09-04 20:23:06",0,4
001000007461219571820240904200016000,3-170,0000074612195718,"2024-09-04 19:59","2024-09-04 19:59",Vehicle,2,2,"2024-09-04 20:01:50",0,2
002000007462310507420240904200034383,3-170,0000074623105074,"2024-09-04 19:59","2024-09-04 20:00",API,1,1,"2024-09-04 20:00:41",0,1
001000007462310507420240904183050000,3-170,0000074623105074,"2024-09-04 17:56","2024-09-04 17:56",Vehicle,22,22,"2024-09-04 19:29:31",0,22
002000007462305101520240904153612699,3-242,0000074623051015,"2024-08-30 09:34","2024-08-30 09:38",API_OFFLINE,4,4,"2024-09-04 19:26:47",1,4
002000007462305101520240904153536682,3-242,0000074623051015,"2024-07-30 10:34","2024-07-30 10:37",API_OFFLINE,3,3,"2024-09-04 19:26:47",1,3
002000007462317111320240904191915303,3-303,0000074623171113,"2024-09-04 19:15","2024-09-04 19:16",API,1,1,"2024-09-04 19:19:23",0,1
001000007462316227420240904185906000,3-250,0000074623162274,"2024-09-04 18:57","2024-09-04 18:57",Vehicle,2,2,"2024-09-04 19:01:25",0,2
002000007462317100320240904185411305,3-282,0000074623171003,"2024-09-04 18:49","2024-09-04 18:53",API,4,4,"2024-09-04 18:54:20",0,4
001000007462317100320240904184937000,3-282,0000074623171003,"2024-09-04 18:48","2024-09-04 18:48",Vehicle,2,2,"2024-09-04 18:52:03",0,2
002000007462317104520240904184003834,3-303,0000074623171045,"2024-09-04 18:25","2024-09-04 18:26",API,1,1,"2024-09-04 18:40:10",0,1
001000007462310507420240904173326000,3-170,0000074623105074,"2024-09-04 17:15","2024-09-04 17:15",Vehicle,26,26,"2024-09-04 17:40:01",0,26
001000007461219571820240904173459000,3-170,0000074612195718,"2024-09-04 17:34","2024-09-04 17:34",Vehicle,2,2,"2024-09-04 17:36:36",0,2
002000007462317214520240904165802761,3-228,0000074623172145,"2024-09-04 16:43","2024-09-04 16:47",API_OFFLINE,3,1,"2024-09-04 17:16:37",1,3
001000007462317214520240904164414000,3-228,0000074623172145,"2024-09-04 16:42","2024-09-04 16:42",Vehicle,2,2,"2024-09-04 16:47:57",0,2
001000007462310507420240904160855000,3-170,0000074623105074,"2024-09-04 14:53","2024-09-04 14:53",Vehicle,32,32,"2024-09-04 16:21:22",0,32
001000007462323203720240904145840000,3-170,0000074623232037,"2024-09-04 14:58","2024-09-04 14:58",Vehicle,2,2,"2024-09-04 15:00:35",0,2
002000007462310507420240904150022155,3-170,0000074623105074,"2024-09-04 14:59","2024-09-04 15:00",API,2,3,"2024-09-04 15:00:33",0,3
002000007462310507420240904144946980,3-170,0000074623105074,"2024-09-04 14:44","2024-09-04 14:45",API,1,1,"2024-09-04 14:49:58",0,1
001000007462317222620240827185905315,3-250,0000074623172226,"2024-08-27 12:34","2024-08-27 12:34",Vehicle,3,1,"2024-09-04 12:00:22",0,3
001000007462317112420240904052050000,3-250,0000074623171124,"2024-09-04 05:19","2024-09-04 05:19",Vehicle,2,2,"2024-09-04 05:22:17",0,2
001000007462317112420240904040718000,3-250,0000074623171124,"2024-09-04 04:06","2024-09-04 04:06",Vehicle,2,2,"2024-09-04 04:08:50",0,2
001000007462317112420240904040641000,3-250,0000074623171124,"2024-09-04 04:05","2024-09-04 04:05",Vehicle,2,2,"2024-09-04 04:07:52",0,2
001000007462316541720240904010458000,3-250,0000074623165417,"2024-09-04 01:03","2024-09-04 01:03",Vehicle,2,2,"2024-09-04 01:06:35",0,2
001000007462316228220240903221901000,3-253,0000074623162282,"2024-09-03 21:58","2024-09-03 21:58",Vehicle,26,26,"2024-09-03 22:30:08",0,26
001000007462308201120240903181734000,3-242,0000074623082011,"2024-09-03 18:15","2024-09-03 18:15",Vehicle,2,2,"2024-09-03 18:21:43",0,2
002000007462321201020240903173749102,3-170,0000074623212010,"2024-09-03 17:36","2024-09-03 17:37",API,0,0,"2024-09-03 17:38:01",0,0
002000007462321201020240903173756624,3-170,0000074623212010,"2024-09-03 17:36","2024-09-03 17:37",API,0,0,"2024-09-03 17:38:01",0,0
002000007462311417920240903154114450,3-170,0000074623114179,"2024-09-03 15:40","2024-09-03 15:41",API,1,1,"2024-09-03 15:41:21",0,1
001000007462321200720240903153935000,3-170,0000074623212007,"2024-09-03 15:25","2024-09-03 15:25",Vehicle,2,2,"2024-09-03 15:41:19",0,2
001000007462321200720240903152448000,3-170,0000074623212007,"2024-09-03 14:22","2024-09-03 14:22",Vehicle,2,1,"2024-09-03 15:26:30",0,2
001000007462227210120240903142843000,3-188,0000074622272101,"2024-09-03 14:27","2024-09-03 14:27",Vehicle,2,2,"2024-09-03 14:30:19",0,2
001000007462213411320240903101358000,3-242,0000074622134113,"2024-09-03 10:12","2024-09-03 10:12",Vehicle,2,2,"2024-09-03 10:15:59",0,2
001000007462317102220240903094332000,3-250,0000074623171022,"2024-09-03 09:42","2024-09-03 09:42",Vehicle,2,2,"2024-09-03 09:45:02",0,2
001000007462316329520240903063255000,3-250,0000074623163295,"2024-09-03 06:31","2024-09-03 06:31",Vehicle,2,2,"2024-09-03 06:34:38",0,2
001000007462316329520240903063215000,3-250,0000074623163295,"2024-09-03 06:30","2024-09-03 06:30",Vehicle,2,2,"2024-09-03 06:33:38",0,2
001000007462226207120240903024045000,3-242,0000074622262071,"2024-09-02 23:12","2024-09-02 23:12",Vehicle,1,1,"2024-09-03 02:44:07",0,1
001000007462226517220240902223206000,3-242,0000074622265172,"2024-09-02 22:30","2024-09-02 22:30",Vehicle,2,2,"2024-09-02 23:31:34",0,2
001000007462317102220240902211856000,3-250,0000074623171022,"2024-09-02 21:17","2024-09-02 21:17",Vehicle,2,2,"2024-09-02 21:20:34",0,2
001000007462310203720240902181834000,3-170,0000074623102037,"2024-09-02 18:18","2024-09-02 18:18",Vehicle,2,2,"2024-09-02 18:19:47",0,2
001000007462311103220240902154937000,3-170,0000074623111032,"2024-09-02 15:50","2024-09-02 15:50",Vehicle,2,2,"2024-09-02 15:51:49",0,2
001000007462316437020240902024630000,3-242,0000074623164370,"2024-09-02 02:44","2024-09-02 02:44",Vehicle,3,3,"2024-09-02 02:48:50",0,3
001000007462317327220240902023457000,3-304,0000074623173272,"2024-09-02 02:33","2024-09-02 02:33",Vehicle,2,2,"2024-09-02 02:36:25",0,2
001000007462316437020240902023351000,3-242,0000074623164370,"2024-09-02 02:32","2024-09-02 02:32",Vehicle,2,2,"2024-09-02 02:35:36",0,2
001000007462316437020240902023041000,3-242,0000074623164370,"2024-09-02 02:29","2024-09-02 02:29",Vehicle,2,2,"2024-09-02 02:32:41",0,2
001000007462316437020240902022934000,3-242,0000074623164370,"2024-09-02 02:28","2024-09-02 02:28",Vehicle,2,2,"2024-09-02 02:31:58",0,2
001000007462316437020240901202943000,3-242,0000074623164370,"2024-09-01 20:28","2024-09-01 20:28",Vehicle,2,2,"2024-09-01 20:35:00",0,2
001000007462316437020240901193228000,3-242,0000074623164370,"2024-09-01 19:30","2024-09-01 19:30",Vehicle,3,3,"2024-09-01 19:40:02",0,3
001000007462316437020240901193048000,3-242,0000074623164370,"2024-09-01 19:29","2024-09-01 19:29",Vehicle,2,2,"2024-09-01 19:34:48",0,2
001000007462316437020240901192812000,3-242,0000074623164370,"2024-09-01 19:26","2024-09-01 19:26",Vehicle,2,2,"2024-09-01 19:31:56",0,2
001000007462316437020240901192555000,3-242,0000074623164370,"2024-09-01 19:24","2024-09-01 19:24",Vehicle,2,2,"2024-09-01 19:29:55",0,2
001000007462316437020240901192659000,3-242,0000074623164370,"2024-09-01 19:25","2024-09-01 19:25",Vehicle,2,2,"2024-09-01 19:29:44",0,2
001000007462316437020240901191943744,3-242,0000074623164370,"2024-09-01 19:18","2024-09-01 19:18",Vehicle,2,2,"2024-09-01 19:26:04",0,2
001000007462316437020240901191843000,3-242,0000074623164370,"2024-09-01 19:13","2024-09-01 19:13",Vehicle,2,2,"2024-09-01 19:23:25",0,2
002000007462305101520240830150918204,3-242,0000074623051015,"2024-08-30 10:34","2024-08-30 10:37",API_OFFLINE,3,3,"2024-09-01 17:31:38",1,3
002000007462305101520240830150657593,3-242,0000074623051015,"2024-08-30 10:34","2024-08-30 10:37",API_OFFLINE,3,3,"2024-09-01 17:31:38",1,3
001000007462309501920240901162624000,3-242,0000074623095019,"2024-09-01 16:24","2024-09-01 16:24",Vehicle,2,2,"2024-09-01 16:27:56",0,2
001000007462317327220240901124812000,3-304,0000074623173272,"2024-09-01 12:46","2024-09-01 12:46",Vehicle,2,2,"2024-09-01 12:49:28",0,2
